,ao_hechos,delito,categoria_delito,longitud,latitud
1019738,2021,VIOLACION,VIOLACIÓN,-99.12026413035541,19.4591003281168
1019818,2021,VIOLACION,VIOLACIÓN,-99.11289095986331,19.413513076250698
1020622,2021,VIOLACION,VIOLACIÓN,-99.1807834798015,19.3685559534477
1021372,2021,VIOLACION,VIOLACIÓN,-98.97400080960699,19.3081932700088
1022819,2021,VIOLACION,VIOLACIÓN,-99.072859659657,19.249369629892897
1022868,2021,VIOLACION,VIOLACIÓN,-99.0382987298769,19.2751168121748
1022999,2021,VIOLACION,VIOLACIÓN,-99.1177967201286,19.279751143128898
1023072,2021,VIOLACION,VIOLACIÓN,-99.0783414201227,19.439242957559603
1023442,2021,VIOLACION,VIOLACIÓN,-99.0269951800942,19.187404560267197
1023544,2021,VIOLACION EQUIPARADA,VIOLACIÓN,-99.18972865011601,19.4594380254928
1023862,2021,VIOLACION,VIOLACIÓN,-99.3093426597135,19.3549959113572
1023864,2021,VIOLACION,VIOLACIÓN,-99.1214977199812,19.451261586984
1023901,2021,VIOLACION,VIOLACIÓN,-99.2284087801906,19.323510977163103
1024298,2021,VIOLACION TUMULTUARIA,VIOLACIÓN,-99.05543574972859,19.3354638059098
1024401,2021,VIOLACION,VIOLACIÓN,-99.1604027198812,19.490129697000302
1024635,2021,VIOLACION,VIOLACIÓN,-99.1241625101732,19.5492306469999
1024739,2021,VIOLACION,VIOLACIÓN,-99.06800306965928,19.419411673330398
1024853,2021,VIOLACION EQUIPARADA,VIOLACIÓN,-99.1776176602001,19.3948567934093
1024950,2021,VIOLACION,VIOLACIÓN,-99.2896990501005,19.365886350283
1025459,2021,VIOLACION EQUIPARADA,VIOLACIÓN,-99.00993794031851,19.2488264360704
1025699,2021,VIOLACION,VIOLACIÓN,-99.100332859604,19.46407124717
1025755,2021,VIOLACION EQUIPARADA,VIOLACIÓN,-99.1904479300606,19.472227160046803
1026258,2021,VIOLACION,VIOLACIÓN,-99.17697719999559,19.2574166612548
1026636,2021,VIOLACION,VIOLACIÓN,-99.19827416991801,19.3326050007348
1026642,2021,VIOLACION,VIOLACIÓN,-99.06134783974991,19.423596200894
1026705,2021,VIOLACION EQUIPARADA,VIOLACIÓN,-99.06122044027279,19.2972688868499
1026740,2021,VIOLACION EQUIPARADA,VIOLACIÓN,-99.0773981798057,19.4920011272723
1026904,2021,VIOLACION,VIOLACIÓN,-99.0313720096137,19.2818576553218
1027168,2021,VIOLACION EQUIPARADA,VIOLACIÓN,-99.08589237972471,19.2574804735478
1027297,2021,VIOLACION,VIOLACIÓN,-99.10919724025351,19.459439719568802
1027691,2021,VIOLACION,VIOLACIÓN,-99.0627229198193,19.474898301538698
1027776,2021,VIOLACION EQUIPARADA,VIOLACIÓN,-99.1050736898817,19.379167818079
1027886,2021,VIOLACION,VIOLACIÓN,-99.1504358504666,19.2440702819692
1028379,2021,VIOLACION,VIOLACIÓN,-99.20372599957571,19.501809746206103
1028458,2021,VIOLACION,VIOLACIÓN,-99.11861524021592,19.4411675523298
1028502,2021,VIOLACION,VIOLACIÓN,-99.1054344197768,19.263032910959
1028686,2021,VIOLACION,VIOLACIÓN,-99.16608005985408,19.335336059159
1028834,2021,VIOLACION,VIOLACIÓN,-99.0969011898841,19.452722062572697
1029053,2021,VIOLACION EQUIPARADA,VIOLACIÓN,-99.06573503994129,19.302748257363397
1030056,2021,VIOLACION,VIOLACIÓN,-99.1759282400392,19.417410980919897
1030158,2021,VIOLACION,VIOLACIÓN,-99.16006475972151,19.312824465619602
1030440,2021,VIOLACION,VIOLACIÓN,-99.14786263040709,19.368004319715
1030470,2021,VIOLACION EQUIPARADA,VIOLACIÓN,-99.150329809965,19.316125893166397
1030471,2021,VIOLACION,VIOLACIÓN,-99.1197957101647,19.4073900368278
1030695,2021,VIOLACION,VIOLACIÓN,-99.0784719596496,19.3335239098115
1030735,2021,VIOLACION EQUIPARADA,VIOLACIÓN,-99.1509416700128,19.316185956323398
1031215,2021,VIOLACION,VIOLACIÓN,-99.04427878009821,19.2853188311699
1031338,2021,VIOLACION,VIOLACIÓN,-99.16875153974621,19.4329448191266
1031585,2021,VIOLACION,VIOLACIÓN,-99.0575827396526,19.359494811679802
1031586,2021,VIOLACION,VIOLACIÓN,-99.03332009996349,19.3707624502699
1032041,2021,VIOLACION,VIOLACIÓN,-99.0992331504435,19.3383554226068
1032231,2021,VIOLACION,VIOLACIÓN,-99.2224663495376,19.3429947891197
1032280,2021,VIOLACION,VIOLACIÓN,-99.10024702980759,19.374285959733104
1032590,2021,VIOLACION,VIOLACIÓN,-99.10403645042611,19.3973474331028
1032767,2021,VIOLACION EQUIPARADA,VIOLACIÓN,-99.0373691199037,19.3230780837222
1032785,2021,VIOLACION,VIOLACIÓN,-99.17116435980431,19.412014982637103
1032823,2021,VIOLACION,VIOLACIÓN,-99.2180722199828,19.374159355383803
1032842,2021,VIOLACION,VIOLACIÓN,-99.2429143901585,19.3166599492378
1033591,2021,VIOLACION,VIOLACIÓN,-99.16209340035309,19.364338967410603
1033671,2021,VIOLACION,VIOLACIÓN,-99.2043113701568,19.307096102895102
1033838,2021,VIOLACION EQUIPARADA,VIOLACIÓN,-99.13084790010029,19.424384913130396
1034084,2021,VIOLACION,VIOLACIÓN,-99.20918184977329,19.265516121653
1034238,2021,VIOLACION,VIOLACIÓN,-99.1501879703405,19.544263581685602
1034243,2021,VIOLACION,VIOLACIÓN,-99.2149856696033,19.4565525875799
1034254,2021,VIOLACION,VIOLACIÓN,-99.2310476304065,19.3420249837215
1034316,2021,VIOLACION,VIOLACIÓN,-99.14665460957261,19.4372862357541
1034394,2021,VIOLACION EQUIPARADA POR CONOCIDO,VIOLACIÓN,-99.10882473004851,19.3918239335948
1034420,2021,VIOLACION,VIOLACIÓN,-99.2080128203445,19.3741460256411
1034500,2021,VIOLACION EQUIPARADA,VIOLACIÓN,-99.1377921399892,19.4000337160967
1034784,2021,VIOLACION,VIOLACIÓN,-99.3182849603423,19.3522738093867
1035111,2021,VIOLACION,VIOLACIÓN,-99.23187062003271,19.2742608655213
1035162,2021,VIOLACION,VIOLACIÓN,-99.10985961961109,19.2399453853233
1035356,2021,VIOLACION EQUIPARADA,VIOLACIÓN,-99.1612860998089,19.3193562805477
1036045,2021,VIOLACION,VIOLACIÓN,-99.05207991959541,19.298862700910302
1036497,2021,VIOLACION,VIOLACIÓN,-99.16482209975229,19.2351894704797
1036750,2021,VIOLACION,VIOLACIÓN,-99.09362018045591,19.3747178758717
1037131,2021,VIOLACION,VIOLACIÓN,-99.1271763999719,19.244532762102303
1037268,2021,VIOLACION,VIOLACIÓN,-99.20257866033221,19.4384624583143
1037870,2021,VIOLACION,VIOLACIÓN,-99.02165335034071,19.3327497735042
1037911,2021,VIOLACION,VIOLACIÓN,-99.1047290004352,19.332170939715898
1037952,2021,VIOLACION,VIOLACIÓN,-99.1780579098559,19.4249744557247
1038123,2021,VIOLACION,VIOLACIÓN,-99.15067479030719,19.2054808820471
1038126,2021,VIOLACION,VIOLACIÓN,-99.09027904029949,19.506629961471102
1038408,2021,VIOLACION,VIOLACIÓN,-99.2004203200503,19.3982740587201
1038506,2021,VIOLACION,VIOLACIÓN,-99.1644503896615,19.322319022874602
1038671,2021,VIOLACION EQUIPARADA,VIOLACIÓN,-99.0995836804195,19.2700638459299
1038681,2021,VIOLACION,VIOLACIÓN,-99.0401709097809,19.286424792928898
1039100,2021,VIOLACION EQUIPARADA,VIOLACIÓN,-99.1938597000058,19.4036418620607
1039222,2021,VIOLACION,VIOLACIÓN,-99.05248439045259,19.3242698141862
1039254,2021,VIOLACION,VIOLACIÓN,-99.1222540595447,19.435805639641302
1039291,2021,VIOLACION EQUIPARADA,VIOLACIÓN,-99.1033843204038,19.380537159636603
1039317,2021,VIOLACION EQUIPARADA,VIOLACIÓN,-99.1602656904552,19.461650753313698
1039741,2021,VIOLACION,VIOLACIÓN,-99.09644633999599,19.4165950041229
1039776,2021,VIOLACION,VIOLACIÓN,-99.2309403403378,19.2800082833732
1039842,2021,VIOLACION,VIOLACIÓN,-99.1233444104786,19.3377529038929
1039883,2021,VIOLACION,VIOLACIÓN,-98.9935956904658,19.3512134205878
1040092,2021,VIOLACION EQUIPARADA,VIOLACIÓN,-99.2005498001257,19.3808114372831
1040170,2021,VIOLACION EQUIPARADA,VIOLACIÓN,-99.1632957000698,19.396184726486897
1040560,2021,VIOLACION,VIOLACIÓN,-99.24624448977471,19.3312779387957
1041115,2021,VIOLACION,VIOLACIÓN,-99.0019425897205,19.3411373435307
1041162,2021,VIOLACION,VIOLACIÓN,-99.1002461300816,19.4505283097204
1041334,2021,VIOLACION,VIOLACIÓN,-99.12383942018141,19.285350927415198
1041375,2021,VIOLACION,VIOLACIÓN,-99.14310828017629,19.5540756897066
1041391,2021,VIOLACION,VIOLACIÓN,-99.1426823197662,19.553728495404197
1041481,2021,VIOLACION,VIOLACIÓN,-99.1531637797036,19.4377813682223
1041500,2021,VIOLACION EQUIPARADA,VIOLACIÓN,-99.03929472019199,19.3214734288339
1041501,2021,VIOLACION TUMULTUARIA,VIOLACIÓN,-99.02666116955221,19.1821365395444
1041505,2021,VIOLACION,VIOLACIÓN,-99.14258002024928,19.4443088794092
1041653,2021,VIOLACION EQUIPARADA,VIOLACIÓN,-99.10239637026008,19.361326919590102
1041775,2021,VIOLACION,VIOLACIÓN,-99.02434676994119,19.32249364419
1041830,2021,VIOLACION EQUIPARADA,VIOLACIÓN,-99.1827824000202,19.4444213507612
1041831,2021,VIOLACION,VIOLACIÓN,-99.09537636021021,19.508993613340103
1042102,2021,VIOLACION EQUIPARADA,VIOLACIÓN,-99.12287951026079,19.4448640519547
1042211,2021,VIOLACION EQUIPARADA,VIOLACIÓN,-99.00835836979141,19.259130222972104
1042333,2021,VIOLACION,VIOLACIÓN,-99.09568190984172,19.4546265467385
1042849,2021,VIOLACION,VIOLACIÓN,-99.0910577795788,19.438967233735102
1043028,2021,VIOLACION,VIOLACIÓN,-99.0908905900795,19.467919728648802
1043123,2021,VIOLACION EQUIPARADA,VIOLACIÓN,-99.2027770501953,19.387589130172397
1043270,2021,VIOLACION,VIOLACIÓN,-99.15640599981371,19.5187269628175
1043497,2021,VIOLACION EQUIPARADA,VIOLACIÓN,-99.0924578904668,19.248737808584302
1043545,2021,VIOLACION EQUIPARADA,VIOLACIÓN,-99.0648257702429,19.4036592271863
1044084,2021,VIOLACION EQUIPARADA,VIOLACIÓN,-99.19175863020969,19.3459419336668
1044112,2021,VIOLACION EQUIPARADA,VIOLACIÓN,-99.10545676987779,19.356766522431897
1044431,2021,VIOLACION,VIOLACIÓN,-99.1734203699634,19.428858889980802
1044920,2021,VIOLACION,VIOLACIÓN,-99.2389480798412,19.304914431476398
1045286,2021,VIOLACION,VIOLACIÓN,-99.05744657012958,19.331673603755103
1045516,2021,VIOLACION EQUIPARADA,VIOLACIÓN,-99.17593310024029,19.414149733455897
1046377,2021,VIOLACION,VIOLACIÓN,-99.1262215395896,19.306837904089697
1046621,2021,VIOLACION,VIOLACIÓN,-99.11307915978279,19.2691033725784
1048088,2021,VIOLACION,VIOLACIÓN,-99.1304688201796,19.4714925941489
1048638,2021,VIOLACION,VIOLACIÓN,-99.10422385021592,19.4288778181874
1048788,2021,VIOLACION EQUIPARADA,VIOLACIÓN,-99.18554664038342,19.3785256169146
1048803,2021,VIOLACION EQUIPARADA,VIOLACIÓN,-99.2390124500726,19.296559336949198
1048876,2021,VIOLACION,VIOLACIÓN,-99.0871953999995,19.3044923213549
1049021,2021,VIOLACION,VIOLACIÓN,-99.1997328399209,19.446060906121602
1049073,2021,VIOLACION,VIOLACIÓN,-99.230823000261,19.3797129572582
1049433,2021,VIOLACION EQUIPARADA,VIOLACIÓN,-99.26573253016741,19.302343650215
1049506,2021,VIOLACION,VIOLACIÓN,-99.2440941898987,19.338442802918998
1049570,2021,VIOLACION EQUIPARADA,VIOLACIÓN,-99.2119435998745,19.3596264406359
1049690,2021,VIOLACION EQUIPARADA,VIOLACIÓN,-99.0752112900548,19.386025116291897
1049761,2021,VIOLACION EQUIPARADA,VIOLACIÓN,-99.077314139704,19.2509712506493
1049849,2021,VIOLACION,VIOLACIÓN,-99.0825506999509,19.3278747206742
1049890,2021,VIOLACION,VIOLACIÓN,-99.0303204002698,19.2498298893394
1050353,2021,VIOLACION EQUIPARADA,VIOLACIÓN,-99.09463494975441,19.189748273924803
1050415,2021,VIOLACION,VIOLACIÓN,-99.2050337795424,19.3859743530746
1050622,2021,VIOLACION EQUIPARADA,VIOLACIÓN,-99.2801730202121,19.3735003470539
1050624,2021,VIOLACION,VIOLACIÓN,-99.13720921018779,19.4544665027787
1050638,2021,VIOLACION,VIOLACIÓN,-99.19036670023242,19.2138105022995
1051111,2021,VIOLACION EQUIPARADA,VIOLACIÓN,-99.2136293599006,19.3257562328999
1051125,2021,VIOLACION,VIOLACIÓN,-99.1484910301582,19.5325125306226
1051332,2021,VIOLACION,VIOLACIÓN,-99.06662374954229,19.3475346585964
1051796,2021,VIOLACION,VIOLACIÓN,-99.147759679744,19.433099112134197
1052026,2021,VIOLACION,VIOLACIÓN,-99.1280052099259,19.3173924627438
1052205,2021,VIOLACION EQUIPARADA,VIOLACIÓN,-99.0965618299006,19.4272067919633
1052282,2021,VIOLACION,VIOLACIÓN,-99.067493240371,19.323077440444102
1052696,2021,VIOLACION,VIOLACIÓN,-99.2410495902396,19.3217296237966
1052717,2021,VIOLACION EQUIPARADA,VIOLACIÓN,-99.145956340003,19.4728691400488
1052901,2021,VIOLACION EQUIPARADA POR CONOCIDO,VIOLACIÓN,-99.0134301797062,19.369742883527397
1053083,2021,VIOLACION,VIOLACIÓN,-99.2506997296275,19.3596562590877
1053197,2021,VIOLACION,VIOLACIÓN,-99.1710010196057,19.423227643809103
1053199,2021,VIOLACION,VIOLACIÓN,-98.9689660801917,19.3122989694227
1053234,2021,VIOLACION EQUIPARADA Y ROBO DE VEHICULO,VIOLACIÓN,-99.2204394895285,19.3092969323564
1053375,2021,VIOLACION EQUIPARADA,VIOLACIÓN,-99.1033315700468,19.4162408523867
1053459,2021,VIOLACION,VIOLACIÓN,-99.26443844989409,19.3106891615471
1053600,2021,VIOLACION,VIOLACIÓN,-99.0881609899802,19.5005724709089
1053624,2021,VIOLACION,VIOLACIÓN,-99.14841439982821,19.4172676413656
1053957,2021,VIOLACION EQUIPARADA,VIOLACIÓN,-99.075881839539,19.4857905394747
1054125,2021,VIOLACION,VIOLACIÓN,-99.2032071899719,19.3484811531087
1054168,2021,VIOLACION EQUIPARADA,VIOLACIÓN,-99.1107666503252,19.3565745266042
1054194,2021,VIOLACION,VIOLACIÓN,-99.0396486499857,19.3704629502067
1054220,2021,VIOLACION EQUIPARADA,VIOLACIÓN,-99.2080337800447,19.3928409963211
1054489,2021,VIOLACION EQUIPARADA,VIOLACIÓN,-99.0479198097241,19.324795508849
1054748,2021,VIOLACION,VIOLACIÓN,-99.0591439600661,19.322979617462
1054824,2021,VIOLACION EQUIPARADA,VIOLACIÓN,-99.1654890796294,19.4226725679488
1055136,2021,VIOLACION,VIOLACIÓN,-99.12613480963579,19.329454082961398
1055258,2021,VIOLACION Y ROBO DE VEHICULO,VIOLACIÓN,-99.0963564800194,19.2628073116417
1056113,2021,VIOLACION,VIOLACIÓN,-99.18131021023821,19.3418644209465
1056250,2021,VIOLACION,VIOLACIÓN,-99.1005460903146,19.41421384748
1056322,2021,VIOLACION,VIOLACIÓN,-99.1810465502684,19.4491974221926
1056894,2021,VIOLACION EQUIPARADA POR CONOCIDO,VIOLACIÓN,-99.15914610014829,19.4531741880792
1057316,2021,VIOLACION,VIOLACIÓN,-99.21180895002821,19.2802623101051
1057376,2021,VIOLACION,VIOLACIÓN,-99.13720696993592,19.535500080277604
1057456,2021,VIOLACION,VIOLACIÓN,-99.1055247200002,19.312247337907802
1057601,2021,VIOLACION,VIOLACIÓN,-99.2001005903034,19.4989439356347
1057635,2021,VIOLACION,VIOLACIÓN,-99.2118269200488,19.3896963076915
1057740,2021,VIOLACION,VIOLACIÓN,-99.165226220202,19.324014666369603
1057813,2021,VIOLACION,VIOLACIÓN,-99.1546027401029,19.5160274900609
1057867,2021,VIOLACION EQUIPARADA,VIOLACIÓN,-99.1214539100865,19.4062615458621
1057907,2021,VIOLACION,VIOLACIÓN,-99.10133734002501,19.3886770743453
1057930,2021,VIOLACION,VIOLACIÓN,-99.25160781042541,19.3259638359388
1058036,2021,VIOLACION EQUIPARADA,VIOLACIÓN,-99.12974595975321,19.4348494501705
1058161,2021,VIOLACION EQUIPARADA POR CONOCIDO,VIOLACIÓN,-99.13627713955141,19.571098882459896
1058199,2021,VIOLACION EQUIPARADA,VIOLACIÓN,-99.26640987043008,19.3655093064019
1058208,2021,VIOLACION,VIOLACIÓN,-99.1625896100527,19.3160078896423
1058276,2021,VIOLACION,VIOLACIÓN,-99.13587749013479,19.4269030540598
1058385,2021,VIOLACION EQUIPARADA,VIOLACIÓN,-99.15526865970709,19.407147173331897
1058433,2021,VIOLACION EQUIPARADA,VIOLACIÓN,-99.0512967096009,19.3419731025085
1058501,2021,VIOLACION EQUIPARADA,VIOLACIÓN,-99.16976117015258,19.3364245127266
1058757,2021,VIOLACION,VIOLACIÓN,-99.03573184963741,19.3221783532855
1058805,2021,VIOLACION EQUIPARADA POR CONOCIDO,VIOLACIÓN,-99.146015300042,19.3958970292081
1058928,2021,VIOLACION,VIOLACIÓN,-99.07541245043609,19.323818510646998
1059224,2021,VIOLACION,VIOLACIÓN,-99.16494637961131,19.442601808207897
1059231,2021,VIOLACION,VIOLACIÓN,-99.2270453299559,19.2729417565743
1059270,2021,VIOLACION EQUIPARADA POR CONOCIDO,VIOLACIÓN,-99.0855860697157,19.194648453007698
1059291,2021,VIOLACION,VIOLACIÓN,-99.0954534704109,19.2381473674988
1059935,2021,VIOLACION,VIOLACIÓN,-99.10121978974631,19.3376860368227
1060483,2021,VIOLACION,VIOLACIÓN,-99.03551145012541,19.3443052169541
1060805,2021,VIOLACION EQUIPARADA,VIOLACIÓN,-99.2177317999744,19.4533562292613
1060956,2021,VIOLACION,VIOLACIÓN,-99.1498667403637,19.280374633877802
1061185,2021,VIOLACION EQUIPARADA,VIOLACIÓN,-99.2434246496541,19.3185859874016
1061470,2021,VIOLACION,VIOLACIÓN,-99.0102890899489,19.3648851106069
1061530,2021,VIOLACION EQUIPARADA,VIOLACIÓN,-99.24733222023322,19.3229192069897
1061769,2021,VIOLACION TUMULTUARIA,VIOLACIÓN,-99.3338379297436,19.314715696972
1062030,2021,VIOLACION,VIOLACIÓN,-99.0997683401711,19.4916640037838
1062242,2021,VIOLACION EQUIPARADA Y ROBO DE VEHICULO,VIOLACIÓN,-99.10020701987591,19.392594869006103
1062308,2021,VIOLACION,VIOLACIÓN,-99.043393130449,19.3401825434547
1062432,2021,VIOLACION EQUIPARADA,VIOLACIÓN,-99.17756460962099,19.395649855989802
1062496,2021,VIOLACION,VIOLACIÓN,-99.21990259981929,19.4500172519266
1062540,2021,VIOLACION,VIOLACIÓN,-99.1356698398198,19.3770786872706
1062552,2021,VIOLACION EQUIPARADA,VIOLACIÓN,-99.0497526304258,19.3077572575726
1063058,2021,VIOLACION,VIOLACIÓN,-99.13985251974009,19.441703915557397
1063190,2021,VIOLACION,VIOLACIÓN,-99.0657967302722,19.1900142490235
1063296,2021,VIOLACION EQUIPARADA,VIOLACIÓN,-99.1040284902233,19.4287432480653
1063323,2021,VIOLACION,VIOLACIÓN,-99.13173788961771,19.4239188513292
1063645,2021,VIOLACION,VIOLACIÓN,-99.1313525999024,19.439985095862998
1063656,2021,VIOLACION EQUIPARADA,VIOLACIÓN,-99.13496016961679,19.4145206607894
1064230,2021,VIOLACION,VIOLACIÓN,-99.06723578960501,19.342323945319
1064619,2021,VIOLACION,VIOLACIÓN,-99.22239839993749,19.3108909002749
1064710,2021,VIOLACION,VIOLACIÓN,-99.10524595042851,19.3148766764575
1064972,2021,VIOLACION EQUIPARADA,VIOLACIÓN,-99.1096293896483,19.4907318273772
1065060,2021,VIOLACION,VIOLACIÓN,-99.1301643800424,19.4658718429659
1065119,2021,VIOLACION EQUIPARADA,VIOLACIÓN,-99.2015529396278,19.2775237033578
1065330,2021,VIOLACION,VIOLACIÓN,-99.19265829042419,19.269713488931
1065409,2021,VIOLACION,VIOLACIÓN,-99.06777620017469,19.3093247807368
1065464,2021,VIOLACION,VIOLACIÓN,-98.9998506000398,19.273090433370896
1065778,2021,VIOLACION,VIOLACIÓN,-99.14964151029551,19.476272550975303
1066008,2021,VIOLACION,VIOLACIÓN,-99.02218401044192,19.2937690333003
1066247,2021,VIOLACION,VIOLACIÓN,-99.2041978199367,19.221070498689603
1066465,2021,VIOLACION,VIOLACIÓN,-99.0477488898702,19.3668210529026
1066552,2021,VIOLACION TUMULTUARIA,VIOLACIÓN,-99.18946650982241,19.398432451978
1066679,2021,VIOLACION,VIOLACIÓN,-99.2439452603852,19.3225244008056
1066695,2021,VIOLACION,VIOLACIÓN,-99.0233785898418,19.3292168926015
1066954,2021,VIOLACION,VIOLACIÓN,-99.2721267800622,19.3271594490508
1067005,2021,VIOLACION,VIOLACIÓN,-99.17832487968809,19.2321940435019
1067270,2021,VIOLACION EQUIPARADA,VIOLACIÓN,-99.03763085985409,19.3737596499923
1067535,2021,VIOLACION EQUIPARADA,VIOLACIÓN,-99.1364843399447,19.420868997636102
1067722,2021,VIOLACION EQUIPARADA,VIOLACIÓN,-99.1124671695668,19.418235652228102
1067882,2021,VIOLACION,VIOLACIÓN,-99.13609161983429,19.4541751083398
1067993,2021,VIOLACION,VIOLACIÓN,-99.2446915802103,19.377467812503
1067996,2021,VIOLACION EQUIPARADA,VIOLACIÓN,-99.1119790104253,19.422548958215998
1068339,2021,VIOLACION EQUIPARADA,VIOLACIÓN,-99.0725233595296,19.3569332663498
1068355,2021,VIOLACION,VIOLACIÓN,-99.1332434297016,19.4249281715383
1068357,2021,VIOLACION,VIOLACIÓN,-99.20071915010142,19.2246794614543
1068409,2021,VIOLACION EQUIPARADA,VIOLACIÓN,-98.9714546999712,19.212003449538397
1068576,2021,VIOLACION,VIOLACIÓN,-99.0705424503119,19.3739486718403
1069154,2021,VIOLACION EQUIPARADA,VIOLACIÓN,-99.25932324967769,19.310239259347803
1069310,2021,VIOLACION,VIOLACIÓN,-99.23357963997209,19.273701328592104
1069389,2021,VIOLACION,VIOLACIÓN,-99.18093770984221,19.269741587185
1069813,2021,VIOLACION EQUIPARADA POR CONOCIDO,VIOLACIÓN,-99.0733645900942,19.492477792439498
1069829,2021,VIOLACION,VIOLACIÓN,-99.0023973602905,19.3583264528272
1069901,2021,VIOLACION,VIOLACIÓN,-99.1206163204742,19.2472678710662
1070478,2021,VIOLACION EQUIPARADA,VIOLACIÓN,-99.19333041033951,19.3950838586809
1070583,2021,VIOLACION,VIOLACIÓN,-98.99876242033122,19.336070169142
1070944,2021,VIOLACION EQUIPARADA POR CONOCIDO,VIOLACIÓN,-99.1698449499064,19.3176233835898
1071116,2021,VIOLACION EQUIPARADA,VIOLACIÓN,-99.0742016698739,19.2558093635022
1071162,2021,VIOLACION EQUIPARADA,VIOLACIÓN,-98.99506516972609,19.287287081680102
1071400,2021,VIOLACION,VIOLACIÓN,-99.2054166599107,19.3398869758653
1071643,2021,VIOLACION,VIOLACIÓN,-99.0836061499899,19.395145846744498
1071777,2021,VIOLACION,VIOLACIÓN,-98.9664745301848,19.222364528453102
1072025,2021,VIOLACION,VIOLACIÓN,-99.2101111999006,19.216346973318398
1072061,2021,VIOLACION,VIOLACIÓN,-99.15075794010201,19.436857599701398
1072087,2021,VIOLACION EQUIPARADA,VIOLACIÓN,-99.02520417969481,19.2460166210878
1072276,2021,VIOLACION EQUIPARADA,VIOLACIÓN,-99.1620956396075,19.4218072941674
1072377,2021,VIOLACION,VIOLACIÓN,-99.1125257304442,19.4308224593489
1072510,2021,VIOLACION EQUIPARADA,VIOLACIÓN,-99.2478774396556,19.317033391979898
1073165,2021,VIOLACION,VIOLACIÓN,-99.05908853035591,19.3435750974589
1073264,2021,VIOLACION,VIOLACIÓN,-99.12162154992059,19.466985638551897
1073471,2021,VIOLACION,VIOLACIÓN,-99.0858632301267,19.4414538601592
1073518,2021,VIOLACION,VIOLACIÓN,-99.1327554000152,19.4048976088157
1073539,2021,VIOLACION,VIOLACIÓN,-99.1747266102284,19.303192690260698
1073573,2021,VIOLACION EQUIPARADA,VIOLACIÓN,-99.07057642952671,19.255427909280897
1073953,2021,VIOLACION EQUIPARADA,VIOLACIÓN,-99.09672259987872,19.4975744860565
1073980,2021,VIOLACION EQUIPARADA,VIOLACIÓN,-99.1553020504135,19.3958952263377
1074114,2021,VIOLACION,VIOLACIÓN,-99.05954719036859,19.336551229999
1074202,2021,VIOLACION,VIOLACIÓN,-99.2688238597016,19.372718916061498
1074271,2021,VIOLACION,VIOLACIÓN,-99.14259911026569,19.4373990439097
1074302,2021,VIOLACION,VIOLACIÓN,-99.01003963980992,19.2488498826798
1074309,2021,VIOLACION,VIOLACIÓN,-99.14801717017771,19.410385996641
1074780,2021,VIOLACION,VIOLACIÓN,-99.1556587802957,19.523997989173502
1074795,2021,VIOLACION EQUIPARADA,VIOLACIÓN,-99.0605127803526,19.4312352709996
1074827,2021,VIOLACION EQUIPARADA,VIOLACIÓN,-99.18389349997679,19.5004507840963
1074912,2021,VIOLACION,VIOLACIÓN,-99.1471964102342,19.4733850104001
1074976,2021,VIOLACION,VIOLACIÓN,-99.1088656301284,19.267567925679103
1075130,2021,VIOLACION,VIOLACIÓN,-99.1516435099213,19.439736141246396
1075152,2021,VIOLACION,VIOLACIÓN,-99.11851859013059,19.3288439387707
1075157,2021,VIOLACION EQUIPARADA,VIOLACIÓN,-99.08109382016309,19.3041633174787
1075410,2021,VIOLACION EQUIPARADA,VIOLACIÓN,-99.20971333978571,19.3934621223167
1075698,2021,VIOLACION,VIOLACIÓN,-99.1441950498911,19.1933581996951
1075876,2021,VIOLACION,VIOLACIÓN,-99.0597919600204,19.415479643825897
1076063,2021,VIOLACION EQUIPARADA,VIOLACIÓN,-99.22325760034309,19.410112776067
1076476,2021,VIOLACION EQUIPARADA,VIOLACIÓN,-99.2688649897159,19.3018893400593
1076767,2021,VIOLACION,VIOLACIÓN,-99.1451740302631,19.2760586583448
1076982,2021,VIOLACION,VIOLACIÓN,-99.05253161043841,19.3224614690307
1077008,2021,VIOLACION,VIOLACIÓN,-99.14985581958729,19.2803707115709
1077118,2021,VIOLACION,VIOLACIÓN,-99.00936930961241,19.2777904265099
1077405,2021,VIOLACION,VIOLACIÓN,-99.0857742602292,19.486033725839103
1077520,2021,VIOLACION,VIOLACIÓN,-99.0603394202435,19.415478016850397
1077647,2021,VIOLACION,VIOLACIÓN,-99.164802430277,19.4212914162952
1078012,2021,VIOLACION EQUIPARADA,VIOLACIÓN,-99.21327442006609,19.4822405431392
1078377,2021,VIOLACION EQUIPARADA POR CONOCIDO,VIOLACIÓN,-99.1806375196348,19.3732365085968
1078680,2021,VIOLACION,VIOLACIÓN,-99.14204121008459,19.4329220464059
1078706,2021,VIOLACION EQUIPARADA,VIOLACIÓN,-99.22723308004049,19.379957568920698
1079230,2021,VIOLACION EQUIPARADA,VIOLACIÓN,-99.01869004031879,19.298225411179303
1079251,2021,VIOLACION EQUIPARADA Y ROBO DE VEHICULO,VIOLACIÓN,-99.0353590300432,19.262558317998604
1079297,2021,VIOLACION,VIOLACIÓN,-99.0888424104029,19.3981256773383
1079415,2021,VIOLACION,VIOLACIÓN,-99.1324523099198,19.297996685547897
1079448,2021,VIOLACION,VIOLACIÓN,-99.0695254500025,19.23918187217
1079474,2021,VIOLACION,VIOLACIÓN,-99.0417400896019,19.3845219471933
1079636,2021,VIOLACION,VIOLACIÓN,-99.18181031974008,19.268851442729897
1079806,2021,VIOLACION EQUIPARADA,VIOLACIÓN,-99.0513450104459,19.2499652327317
1079988,2021,VIOLACION,VIOLACIÓN,-99.20104980011361,19.3831739679022
1080262,2021,VIOLACION,VIOLACIÓN,-99.1865066498536,19.4010035027448
1080446,2021,VIOLACION EQUIPARADA,VIOLACIÓN,-99.1412088298885,19.4530473098365
1080551,2021,VIOLACION,VIOLACIÓN,-99.0927720700144,19.3864778283262
1080670,2021,VIOLACION EQUIPARADA,VIOLACIÓN,-99.19612259047491,19.4505673417476
1080679,2021,VIOLACION,VIOLACIÓN,-99.17630463969509,19.2328344304275
1080726,2021,VIOLACION EQUIPARADA,VIOLACIÓN,-99.1886870597028,19.2863500956952
1080742,2021,VIOLACION,VIOLACIÓN,-99.077104369634,19.4718715491814
1081431,2021,VIOLACION EQUIPARADA,VIOLACIÓN,-99.1502500598276,19.544411811188102
1081659,2021,VIOLACION,VIOLACIÓN,-99.12717103986108,19.4174261557482
1081703,2021,VIOLACION,VIOLACIÓN,-99.0605785595957,19.3070660601056
1081707,2021,VIOLACION EQUIPARADA,VIOLACIÓN,-99.07993107998941,19.317492067458602
1082004,2021,VIOLACION,VIOLACIÓN,-99.16111349997641,19.314931477294
1082110,2021,VIOLACION,VIOLACIÓN,-99.1178278698398,19.354353366898
1082239,2021,VIOLACION EQUIPARADA POR CONOCIDO,VIOLACIÓN,-99.1423849296934,19.38311024956
1082582,2021,VIOLACION,VIOLACIÓN,-99.16144877972201,19.4126273470289
1082711,2021,VIOLACION EQUIPARADA,VIOLACIÓN,-99.1812229204665,19.470636197704398
1082732,2021,VIOLACION,VIOLACIÓN,-99.1606691504418,19.4336313819922
1082752,2021,VIOLACION EQUIPARADA,VIOLACIÓN,-99.19094323987508,19.434171577734002
1082879,2021,VIOLACION EQUIPARADA,VIOLACIÓN,-99.15535569029629,19.4384212658599
1082938,2021,VIOLACION,VIOLACIÓN,-99.13724407958608,19.402855105574698
1083938,2021,VIOLACION,VIOLACIÓN,-99.2043231504517,19.3760447068182
1083942,2021,VIOLACION EQUIPARADA,VIOLACIÓN,-99.0923105902495,19.4606240413646
1084178,2021,VIOLACION,VIOLACIÓN,-99.1068857202076,19.480530294317997
1084454,2021,VIOLACION EQUIPARADA,VIOLACIÓN,-99.1897764804158,19.458870267923103
1084639,2021,VIOLACION,VIOLACIÓN,-99.0403255800545,19.3582595560474
1084822,2021,VIOLACION EQUIPARADA,VIOLACIÓN,-99.08548950956998,19.3279661802797
1085079,2021,VIOLACION EQUIPARADA,VIOLACIÓN,-99.13496420047659,19.5591678413056
1085088,2021,VIOLACION EQUIPARADA,VIOLACIÓN,-99.06215429020571,19.300523034226803
1085319,2021,VIOLACION EQUIPARADA POR CONOCIDO,VIOLACIÓN,-99.055035799727,19.289059948804102
1085429,2021,VIOLACION,VIOLACIÓN,-99.18390087966671,19.497565637086502
1085592,2021,VIOLACION TUMULTUARIA,VIOLACIÓN,-99.0693114999905,19.2861697377873
1085600,2021,VIOLACION,VIOLACIÓN,-99.1444375402602,19.1882369682005
1085862,2021,VIOLACION EQUIPARADA,VIOLACIÓN,-99.0666630903599,19.1852934617142
1085920,2021,VIOLACION,VIOLACIÓN,-99.22156643026459,19.3206703403055
1085992,2021,VIOLACION EQUIPARADA,VIOLACIÓN,-99.22864704968,19.3460418970359
1086354,2021,VIOLACION,VIOLACIÓN,-99.14272204018391,19.397830150278896
1086493,2021,VIOLACION EQUIPARADA,VIOLACIÓN,-99.1662022704459,19.448411348750998
1086721,2021,VIOLACION,VIOLACIÓN,-99.1660706695689,19.260785710963
1086755,2021,VIOLACION,VIOLACIÓN,-99.1593843696805,19.4650271780981
1086826,2021,VIOLACION EQUIPARADA,VIOLACIÓN,-99.18414897989271,19.392444965522
1086867,2021,VIOLACION,VIOLACIÓN,-99.15124683006991,19.390513541134
1087110,2021,VIOLACION,VIOLACIÓN,-99.09657205995708,19.3282696260523
1087648,2021,VIOLACION,VIOLACIÓN,-99.2724553496283,19.336553174145397
1087649,2021,VIOLACION EQUIPARADA,VIOLACIÓN,-99.2199155696985,19.2808918739699
1087650,2021,VIOLACION,VIOLACIÓN,-99.01285015025151,19.2495244603313
1087661,2021,VIOLACION,VIOLACIÓN,-99.20119474987641,19.216055617763
1087662,2021,VIOLACION,VIOLACIÓN,-99.0885246804609,19.4088754962829
1087666,2021,VIOLACION,VIOLACIÓN,-99.0798693898621,19.1841400741176
1088101,2021,VIOLACION EQUIPARADA,VIOLACIÓN,-99.1735517997769,19.3277636902108
1088103,2021,VIOLACION EQUIPARADA,VIOLACIÓN,-99.11672494993229,19.4832504816777
1088113,2021,VIOLACION,VIOLACIÓN,-99.16693120996571,19.2391833026636
1088114,2021,VIOLACION,VIOLACIÓN,-99.14673820008471,19.443174519235
1088115,2021,VIOLACION EQUIPARADA,VIOLACIÓN,-99.07516380006241,19.4132012861953
1089363,2021,VIOLACION EQUIPARADA,VIOLACIÓN,-99.2995266602201,19.3592209957474
1089364,2021,VIOLACION,VIOLACIÓN,-99.2468602600119,19.3125806693838
1089366,2021,VIOLACION,VIOLACIÓN,-99.17860775974779,19.403617318995398
1089382,2021,VIOLACION EQUIPARADA,VIOLACIÓN,-99.08539295011342,19.3688697204061
1089383,2021,VIOLACION EQUIPARADA,VIOLACIÓN,-99.04460147024379,19.3862552015039
1089384,2021,VIOLACION EQUIPARADA,VIOLACIÓN,-99.1077974400956,19.376909881758603
1089386,2021,VIOLACION,VIOLACIÓN,-99.2597177599422,19.3199426291725
1089387,2021,VIOLACION,VIOLACIÓN,-99.0277951996067,19.352336489134103
1089388,2021,VIOLACION,VIOLACIÓN,-99.14922738035641,19.3736016759843
1089583,2021,VIOLACION,VIOLACIÓN,-99.0294581702468,19.1891099101625
1090051,2021,VIOLACION,VIOLACIÓN,-99.2404305599385,19.3084614592622
1090065,2021,VIOLACION,VIOLACIÓN,-99.0585677298876,19.295276569374398
1090068,2021,VIOLACION,VIOLACIÓN,-99.1473487698861,19.3224712784958
1090683,2021,VIOLACION EQUIPARADA,VIOLACIÓN,-99.08404872041679,19.470064516173398
1090694,2021,VIOLACION,VIOLACIÓN,-99.0974375696555,19.402749328952698
1090695,2021,VIOLACION,VIOLACIÓN,-99.1872396597358,19.3696304400594
1090697,2021,VIOLACION EQUIPARADA,VIOLACIÓN,-99.122139220088,19.4863733823971
1091347,2021,VIOLACION,VIOLACIÓN,-99.0871555004759,19.445770153131896
1091348,2021,VIOLACION,VIOLACIÓN,-99.12625909027858,19.428358938880802
1091349,2021,VIOLACION,VIOLACIÓN,-99.0839159595831,19.4893770308853
1091358,2021,VIOLACION,VIOLACIÓN,-99.078161719564,19.3070617542488
1091447,2021,VIOLACION,VIOLACIÓN,-99.0968205004089,19.3894702528701
1091489,2021,VIOLACION EQUIPARADA,VIOLACIÓN,-99.071679929849,19.377386752382602
1091942,2021,VIOLACION,VIOLACIÓN,-99.07090365974251,19.4194787865335
1091944,2021,VIOLACION,VIOLACIÓN,-99.0830325797152,19.384722168636397
1091945,2021,VIOLACION,VIOLACIÓN,-99.09858645970779,19.265791633426698
1092093,2021,VIOLACION,VIOLACIÓN,-98.997518420086,19.2124869916704
1092387,2021,VIOLACION EQUIPARADA,VIOLACIÓN,-99.22127795032009,19.2714963979622
1092842,2021,VIOLACION,VIOLACIÓN,-99.1885909995831,19.398407542867698
1092852,2021,VIOLACION,VIOLACIÓN,-99.2224721996181,19.2712064938395
1092853,2021,VIOLACION EQUIPARADA,VIOLACIÓN,-99.2614304704455,19.369967912729198
1093472,2021,VIOLACION,VIOLACIÓN,-99.0644456604703,19.472755226585104
1093489,2021,VIOLACION,VIOLACIÓN,-99.1850209199136,19.3371282834242
1093490,2021,VIOLACION EQUIPARADA,VIOLACIÓN,-99.0390081704031,19.316379621478397
1093491,2021,VIOLACION EQUIPARADA,VIOLACIÓN,-99.0734946700974,19.4002438838562
1093492,2021,VIOLACION EQUIPARADA,VIOLACIÓN,-99.03604839960079,19.259245622487303
1094166,2021,VIOLACION EQUIPARADA,VIOLACIÓN,-99.1191324598576,19.231429968890396
1094167,2021,VIOLACION EQUIPARADA,VIOLACIÓN,-99.1648261201264,19.424670753173398
1094172,2021,VIOLACION,VIOLACIÓN,-99.00568498972142,19.2849472938344
1094186,2021,VIOLACION,VIOLACIÓN,-99.12191667985,19.4079695961414
1094843,2021,VIOLACION,VIOLACIÓN,-99.22531306968,19.3023927592869
1094846,2021,VIOLACION EQUIPARADA,VIOLACIÓN,-99.28811383997959,19.3622396111138
1094855,2021,VIOLACION EQUIPARADA,VIOLACIÓN,-98.9692289297871,19.3168943839168
1094856,2021,VIOLACION EQUIPARADA,VIOLACIÓN,-99.2035710795339,19.505983056734102
1094857,2021,VIOLACION,VIOLACIÓN,-99.10384387002091,19.3431125224558
1095626,2021,VIOLACION,VIOLACIÓN,-99.1313644699309,19.3379568581782
1095628,2021,VIOLACION,VIOLACIÓN,-99.2940178501071,19.358569929384
1095639,2021,VIOLACION,VIOLACIÓN,-98.9946670102062,19.3413618178635
1095640,2021,VIOLACION EQUIPARADA,VIOLACIÓN,-99.23729748003859,19.2759762036358
1095641,2021,VIOLACION EQUIPARADA,VIOLACIÓN,-99.2281448701935,19.3368191909211
1095642,2021,VIOLACION EQUIPARADA,VIOLACIÓN,-99.09730108019129,19.3247074453181
1095643,2021,VIOLACION EQUIPARADA,VIOLACIÓN,-99.16007849018641,19.462143970410303
1096138,2021,VIOLACION EQUIPARADA POR CONOCIDO,VIOLACIÓN,-99.1236772498205,19.3069852558801
1096216,2021,VIOLACION EQUIPARADA POR CONOCIDO,VIOLACIÓN,-99.11108973021351,19.4751808868525
1096221,2021,VIOLACION,VIOLACIÓN,-99.1504709404111,19.440385999273698
1096222,2021,VIOLACION,VIOLACIÓN,-99.1617469502264,19.4533910938473
1096342,2021,VIOLACION,VIOLACIÓN,-99.0174773899375,19.338326550243398
1096649,2021,VIOLACION,VIOLACIÓN,-99.2063910302103,19.3680459132599
1096651,2021,VIOLACION EQUIPARADA,VIOLACIÓN,-99.13500890002291,19.2902728984686
1096658,2021,VIOLACION,VIOLACIÓN,-99.18719172989691,19.3745464995838
1096659,2021,VIOLACION EQUIPARADA,VIOLACIÓN,-99.050105320436,19.3012744828923
1097211,2021,VIOLACION EQUIPARADA,VIOLACIÓN,-99.1996666802256,19.3570018603443
1097213,2021,VIOLACION,VIOLACIÓN,-99.0888018197229,19.398127332918104
1097558,2021,VIOLACION,VIOLACIÓN,-99.07169497013679,19.2056726561657
1097561,2021,VIOLACION EQUIPARADA,VIOLACIÓN,-99.1599581395541,19.2788193579067
1097934,2021,VIOLACION,VIOLACIÓN,-99.12678391046958,19.3702691992763
1097935,2021,VIOLACION EQUIPARADA,VIOLACIÓN,-99.2142384503864,19.4742122885203
1097950,2021,VIOLACION,VIOLACIÓN,-99.14063371971459,19.4645193499435
1097951,2021,VIOLACION TUMULTUARIA EQUIPARADA,VIOLACIÓN,-99.141177540252,19.381365638344104
1098653,2021,VIOLACION EQUIPARADA,VIOLACIÓN,-99.132814410149,19.4894556822543
1098663,2021,VIOLACION EQUIPARADA,VIOLACIÓN,-99.08239020957659,19.3043596072487
1098664,2021,VIOLACION,VIOLACIÓN,-99.13538933026251,19.412746237209397
1098665,2021,VIOLACION,VIOLACIÓN,-99.14526628028851,19.4007475258197
1098666,2021,VIOLACION EQUIPARADA,VIOLACIÓN,-99.10747848024509,19.4383833296075
1099376,2021,VIOLACION,VIOLACIÓN,-99.16798179989608,19.326110031211897
1099378,2021,VIOLACION EQUIPARADA Y ROBO DE VEHICULO,VIOLACIÓN,-99.11715219001542,19.4675365083398
1099380,2021,VIOLACION,VIOLACIÓN,-99.1262055095512,19.569422495370702
1099391,2021,VIOLACION EQUIPARADA,VIOLACIÓN,-99.13779683956709,19.3581682933652
1099392,2021,VIOLACION,VIOLACIÓN,-99.0977069696406,19.4468292373574
1099393,2021,VIOLACION,VIOLACIÓN,-99.08343582998779,19.3613493462272
1100077,2021,VIOLACION,VIOLACIÓN,-99.3071517301445,19.357453038294302
1100081,2021,VIOLACION EQUIPARADA,VIOLACIÓN,-99.16912402973459,19.4703849188891
1100094,2021,VIOLACION,VIOLACIÓN,-99.24075945956659,19.2808106887803
1100386,2021,VIOLACION EQUIPARADA,VIOLACIÓN,-99.12719187045099,19.2341063185065
1100606,2021,VIOLACION,VIOLACIÓN,-99.17418824982201,19.4285448792957
1100664,2021,VIOLACION,VIOLACIÓN,-99.10148161995649,19.457607205749603
1101103,2021,VIOLACION,VIOLACIÓN,-99.22016211019871,19.2692305226643
1101104,2021,VIOLACION,VIOLACIÓN,-99.26178652962031,19.3229957691702
1101112,2021,VIOLACION,VIOLACIÓN,-99.18714209969542,19.473936110015
1101113,2021,VIOLACION,VIOLACIÓN,-99.04748331989201,19.3014692254038
1101694,2021,VIOLACION,VIOLACIÓN,-99.1718110401943,19.241859150457397
1101704,2021,VIOLACION EQUIPARADA,VIOLACIÓN,-98.9944438301119,19.3508609469597
1101705,2021,VIOLACION EQUIPARADA,VIOLACIÓN,-99.0371835303618,19.3788185954005
1101706,2021,VIOLACION,VIOLACIÓN,-99.0674335503377,19.3139009100699
1102473,2021,VIOLACION EQUIPARADA,VIOLACIÓN,-99.13104637996331,19.291489342014
1102474,2021,VIOLACION EQUIPARADA,VIOLACIÓN,-99.1364096303135,19.428538911430103
1102476,2021,VIOLACION EQUIPARADA,VIOLACIÓN,-99.09212260998821,19.4614921079409
1103171,2021,VIOLACION,VIOLACIÓN,-99.2629241298622,19.3751413099686
1103472,2021,VIOLACION EQUIPARADA,VIOLACIÓN,-99.16316190030771,19.1918456506158
1103873,2021,VIOLACION,VIOLACIÓN,-99.1343236803488,19.512675636767
1103876,2021,VIOLACION EQUIPARADA,VIOLACIÓN,-99.1379789601124,19.426518597393898
1103887,2021,VIOLACION EQUIPARADA,VIOLACIÓN,-99.00018078999479,19.2250536936232
1104548,2021,VIOLACION,VIOLACIÓN,-99.1658216702417,19.426520419897802
1104565,2021,VIOLACION,VIOLACIÓN,-99.0938261097118,19.234159234323602
1104568,2021,VIOLACION,VIOLACIÓN,-99.1537356402018,19.3907194742781
1105121,2021,VIOLACION,VIOLACIÓN,-99.2501179101025,19.3263794592295
1105126,2021,VIOLACION,VIOLACIÓN,-99.145548639585,19.456117598553604
1105133,2021,VIOLACION,VIOLACIÓN,-99.1836042703175,19.4945746020169
1105134,2021,VIOLACION EQUIPARADA POR CONOCIDO,VIOLACIÓN,-99.0739258401865,19.297797345798898
1105561,2021,VIOLACION EQUIPARADA,VIOLACIÓN,-99.2373561200486,19.359123987153
1105564,2021,VIOLACION EQUIPARADA,VIOLACIÓN,-99.25816923009029,19.316859266873397
1105565,2021,VIOLACION EQUIPARADA,VIOLACIÓN,-99.2373256300436,19.3591368598161
1105568,2021,VIOLACION EQUIPARADA,VIOLACIÓN,-99.1050733598019,19.4812859607568
1105569,2021,VIOLACION EQUIPARADA,VIOLACIÓN,-99.140941499667,19.5429883743498
1105570,2021,VIOLACION,VIOLACIÓN,-99.1008384499774,19.486305657164603
1105576,2021,VIOLACION,VIOLACIÓN,-99.1104039999159,19.4413799939179
1105577,2021,VIOLACION,VIOLACIÓN,-99.12962611026491,19.4460826184761
1105579,2021,VIOLACION EQUIPARADA,VIOLACIÓN,-99.0700613402287,19.2894981513343
1106079,2021,VIOLACION,VIOLACIÓN,-99.09844704027529,19.452873805630396
1106080,2021,VIOLACION,VIOLACIÓN,-99.0902933497803,19.4976883590107
1106091,2021,VIOLACION,VIOLACIÓN,-99.07651247002809,19.451547326434103
1106092,2021,VIOLACION,VIOLACIÓN,-99.1290432196694,19.198545743948
1106093,2021,VIOLACION EQUIPARADA,VIOLACIÓN,-99.1179656995227,19.4401610558784
1106298,2021,VIOLACION,VIOLACIÓN,-99.21116709960128,19.4554929183547
1106457,2021,VIOLACION,VIOLACIÓN,-99.09233987039009,19.4401242116311
1106719,2021,VIOLACION,VIOLACIÓN,-99.0677770601973,19.3083670624181
1107100,2021,VIOLACION,VIOLACIÓN,-99.17277798011699,19.2745905555781
1107139,2021,VIOLACION,VIOLACIÓN,-99.1644405603688,19.315106770816897
1107171,2021,VIOLACION,VIOLACIÓN,-99.2015193196471,19.3690344286757
1107176,2021,VIOLACION,VIOLACIÓN,-99.20122820025699,19.401200593197398
1107260,2021,VIOLACION,VIOLACIÓN,-99.11001831034478,19.343258747534698
1107824,2021,VIOLACION EQUIPARADA,VIOLACIÓN,-99.1027225899258,19.2576812296243
1107879,2021,VIOLACION,VIOLACIÓN,-99.17012504965359,19.4506658855812
1108165,2021,VIOLACION EQUIPARADA,VIOLACIÓN,-99.0704094198358,19.1877236464307
1108370,2021,VIOLACION,VIOLACIÓN,-99.1203286299111,19.2792466437578
1108516,2021,VIOLACION,VIOLACIÓN,-99.1088733002257,19.336125513383802
1108654,2021,VIOLACION EQUIPARADA,VIOLACIÓN,-99.17252071041919,19.3969603885828
1108682,2021,VIOLACION,VIOLACIÓN,-99.09710478996979,19.49553323303
1108868,2021,VIOLACION,VIOLACIÓN,-99.2122973997555,19.2187250194378
1108954,2021,VIOLACION EQUIPARADA,VIOLACIÓN,-99.0394775598376,19.3509337795219
1108982,2021,VIOLACION,VIOLACIÓN,-99.0796704595702,19.402175839279302
1109026,2021,VIOLACION,VIOLACIÓN,-99.1433478297627,19.3413880954529
1109694,2021,VIOLACION,VIOLACIÓN,-99.0982783700708,19.3410506401435
1110051,2021,VIOLACION EQUIPARADA,VIOLACIÓN,-99.1861395599598,19.387077767774603
1110160,2021,VIOLACION EQUIPARADA,VIOLACIÓN,-99.16265934972509,19.3642099070955
1110508,2021,VIOLACION EQUIPARADA,VIOLACIÓN,-99.1778755201872,19.4717466869251
1110768,2021,VIOLACION,VIOLACIÓN,-99.12857216033692,19.212483673636
1110859,2021,VIOLACION,VIOLACIÓN,-99.2875738604648,19.320372037363697
1110869,2021,VIOLACION,VIOLACIÓN,-99.1528663799693,19.391312772164
1110935,2021,VIOLACION EQUIPARADA,VIOLACIÓN,-99.1653584897624,19.2606941024703
1111053,2021,VIOLACION EQUIPARADA,VIOLACIÓN,-99.1277801199954,19.2666213259433
1111108,2021,VIOLACION,VIOLACIÓN,-99.29102439986349,19.3266363471435
1111411,2021,VIOLACION,VIOLACIÓN,-99.1497518500925,19.4314895926954
1111452,2021,VIOLACION,VIOLACIÓN,-99.1886687298435,19.3658789156857
1111595,2021,VIOLACION,VIOLACIÓN,-99.1243737701725,19.3179164300097
1111601,2021,VIOLACION,VIOLACIÓN,-98.98849215025629,19.337760952176897
1111725,2021,VIOLACION,VIOLACIÓN,-99.19781885964821,19.4495859486155
1111816,2021,VIOLACION,VIOLACIÓN,-99.17386830027571,19.503355826860698
1112182,2021,VIOLACION,VIOLACIÓN,-99.11636978030658,19.439000439705
1112241,2021,VIOLACION EQUIPARADA,VIOLACIÓN,-99.07211176996849,19.311305440324
1112895,2021,VIOLACION,VIOLACIÓN,-99.221099690065,19.358634882743303
1112903,2021,VIOLACION EQUIPARADA,VIOLACIÓN,-99.16573747031259,19.4266496840603
1113155,2021,VIOLACION EQUIPARADA,VIOLACIÓN,-99.1244672997556,19.429219383242
1113487,2021,VIOLACION,VIOLACIÓN,-99.1375630096158,19.2977425625263
1113571,2021,VIOLACION,VIOLACIÓN,-99.1950510397233,19.495685136797302
1113600,2021,VIOLACION EQUIPARADA,VIOLACIÓN,-99.1115814301733,19.271118631453103
1113948,2021,VIOLACION EQUIPARADA,VIOLACIÓN,-99.1425215504693,19.4442866666592
1113973,2021,VIOLACION,VIOLACIÓN,-99.23477538966691,19.369954069549397
1114126,2021,VIOLACION,VIOLACIÓN,-99.2050073701774,19.511681059064802
1114226,2021,VIOLACION EQUIPARADA,VIOLACIÓN,-99.1312024003356,19.2591480014732
1114247,2021,VIOLACION,VIOLACIÓN,-99.18478259037771,19.4004676281659
1114516,2021,VIOLACION,VIOLACIÓN,-99.13516144960708,19.4268905929205
1114620,2021,VIOLACION EQUIPARADA,VIOLACIÓN,-99.1631153802293,19.3289857004674
1114631,2021,VIOLACION,VIOLACIÓN,-99.2247520399164,19.3580696035413
1115101,2021,VIOLACION EQUIPARADA,VIOLACIÓN,-99.11445199965179,19.2730322804834
1115269,2021,VIOLACION EQUIPARADA,VIOLACIÓN,-99.02603923994481,19.321846009498103
1115688,2021,VIOLACION,VIOLACIÓN,-99.2624812203072,19.309179413111103
1115889,2021,VIOLACION EQUIPARADA,VIOLACIÓN,-99.23315316024821,19.311089103772602
1115913,2021,VIOLACION,VIOLACIÓN,-99.1314344099995,19.4254326838981
1115915,2021,VIOLACION,VIOLACIÓN,-99.0024702298288,19.351207813850202
1116052,2021,VIOLACION,VIOLACIÓN,-99.0796650903129,19.4119750617697
1116158,2021,VIOLACION EQUIPARADA,VIOLACIÓN,-99.0787808599176,19.2976992392053
1116299,2021,VIOLACION,VIOLACIÓN,-99.09861444966239,19.2982143153978
1116601,2021,VIOLACION TUMULTUARIA,VIOLACIÓN,-99.1091236497232,19.364718675353803
1116627,2021,VIOLACION,VIOLACIÓN,-99.0120939904002,19.345091036517
1116892,2021,VIOLACION,VIOLACIÓN,-99.09203410007471,19.2438128189473
1117310,2021,VIOLACION EQUIPARADA,VIOLACIÓN,-99.13889632037029,19.4674220572183
1117862,2021,VIOLACION EQUIPARADA,VIOLACIÓN,-99.1249220097592,19.4197360938015
1117978,2021,VIOLACION EQUIPARADA,VIOLACIÓN,-99.0102962404378,19.2957473461793
1118118,2021,VIOLACION,VIOLACIÓN,-99.156417850392,19.486938694343
1118129,2021,VIOLACION EQUIPARADA,VIOLACIÓN,-99.12539005041809,19.412733585568198
1118201,2021,VIOLACION,VIOLACIÓN,-99.1132532804437,19.402965163716498
1118231,2021,VIOLACION EQUIPARADA,VIOLACIÓN,-99.03604030994872,19.279615860226603
1118259,2021,VIOLACION,VIOLACIÓN,-98.96433948979531,19.308894637863396
1118266,2021,VIOLACION,VIOLACIÓN,-99.1396722603129,19.5340725202417
1118297,2021,VIOLACION,VIOLACIÓN,-99.31050158963369,19.340994216313398
1118459,2021,VIOLACION TUMULTUARIA,VIOLACIÓN,-99.1256724795824,19.4276438941129
1118461,2021,VIOLACION,VIOLACIÓN,-99.22021373966291,19.317458994227398
1118676,2021,VIOLACION,VIOLACIÓN,-99.0122634197867,19.2917328760996
1118693,2021,VIOLACION,VIOLACIÓN,-99.13964062970629,19.4409892338529
1118819,2021,VIOLACION EQUIPARADA,VIOLACIÓN,-99.22709270962629,19.3580296831772
1119041,2021,VIOLACION,VIOLACIÓN,-99.14850532959869,19.3937823419596
1119249,2021,VIOLACION,VIOLACIÓN,-99.19247746018992,19.4314831468346
1119258,2021,VIOLACION,VIOLACIÓN,-99.1604050803545,19.3836953556318
1119657,2021,VIOLACION,VIOLACIÓN,-99.0681959696053,19.4179729401656
1119870,2021,VIOLACION,VIOLACIÓN,-98.991284970065,19.1694841776841
1120109,2021,VIOLACION EQUIPARADA,VIOLACIÓN,-99.0936517002889,19.3959357524241
1120234,2021,VIOLACION EQUIPARADA,VIOLACIÓN,-99.1159779800322,19.474712688190102
1120254,2021,VIOLACION EQUIPARADA,VIOLACIÓN,-99.18371781955891,19.2698389036031
1120255,2021,VIOLACION,VIOLACIÓN,-99.1876193499741,19.271398516820398
1120417,2021,VIOLACION EQUIPARADA,VIOLACIÓN,-99.1433243795357,19.3191614655295
1120602,2021,VIOLACION,VIOLACIÓN,-99.2013009700536,19.265266281396602
1120753,2021,VIOLACION,VIOLACIÓN,-99.2334804799497,19.282636198825603
1120900,2021,VIOLACION EQUIPARADA,VIOLACIÓN,-99.14015516964909,19.378568465532698
1120993,2021,VIOLACION,VIOLACIÓN,-99.068887529902,19.411289119224502
1121000,2021,VIOLACION,VIOLACIÓN,-99.2462199902602,19.2842037309205
1121154,2021,VIOLACION,VIOLACIÓN,-99.26609606011921,19.309582971870803
1121183,2021,VIOLACION EQUIPARADA,VIOLACIÓN,-99.0682134004563,19.305527743905802
1121296,2021,VIOLACION EQUIPARADA,VIOLACIÓN,-99.17239844961321,19.3273638339573
1121431,2021,VIOLACION EQUIPARADA,VIOLACIÓN,-99.153886059562,19.269449525816
1121586,2021,VIOLACION,VIOLACIÓN,-99.187197089559,19.4754437621018
1121714,2021,VIOLACION,VIOLACIÓN,-99.2657875699577,19.3008822004207
1122057,2021,VIOLACION,VIOLACIÓN,-99.13917124034842,19.4146941168625
1122077,2021,VIOLACION,VIOLACIÓN,-99.16558831979499,19.4264072607217
1122252,2021,VIOLACION,VIOLACIÓN,-99.0516422696499,19.1991231129282
1122464,2021,VIOLACION,VIOLACIÓN,-99.1580271700959,19.4438967824197
1122660,2021,VIOLACION,VIOLACIÓN,-99.0185900796741,19.329481036388604
1122662,2021,VIOLACION,VIOLACIÓN,-99.102691129715,19.2622831373284
1122752,2021,VIOLACION,VIOLACIÓN,-99.1848126098847,19.402920507064604
1122837,2021,VIOLACION EQUIPARADA,VIOLACIÓN,-99.1252618399226,19.4029264857159
1122881,2021,VIOLACION,VIOLACIÓN,-99.2158336902902,19.3724906896612
1122904,2021,VIOLACION EQUIPARADA,VIOLACIÓN,-99.0596475302593,19.4276298536917
1122982,2021,VIOLACION EQUIPARADA,VIOLACIÓN,-99.0561121295763,19.253611847968
1123016,2021,VIOLACION,VIOLACIÓN,-99.2361726204718,19.278881642303897
1123026,2021,VIOLACION TUMULTUARIA,VIOLACIÓN,-99.2290327302875,19.316103717617302
1123305,2021,VIOLACION EQUIPARADA,VIOLACIÓN,-99.0876330400681,19.4963407125948
1123396,2021,VIOLACION,VIOLACIÓN,-99.1073235896095,19.3259637809212
1123719,2021,VIOLACION,VIOLACIÓN,-99.0198382401243,19.2996699713409
1123725,2021,VIOLACION,VIOLACIÓN,-99.18509603001291,19.4066777085217
1123918,2021,VIOLACION EQUIPARADA,VIOLACIÓN,-99.1446889896431,19.3053556095624
1124194,2021,VIOLACION EQUIPARADA,VIOLACIÓN,-99.1210483396309,19.3829528959354
1124607,2021,VIOLACION,VIOLACIÓN,-99.1461262095468,19.451730740830897
1124766,2021,VIOLACION EQUIPARADA,VIOLACIÓN,-99.1904427900568,19.498542865527302
1124848,2021,VIOLACION,VIOLACIÓN,-99.1388578701906,19.3890421217482
1124899,2021,VIOLACION EQUIPARADA,VIOLACIÓN,-99.12697746988579,19.460388931470302
1124900,2021,VIOLACION EQUIPARADA,VIOLACIÓN,-99.2355211098518,19.370658708456602
1124927,2021,VIOLACION,VIOLACIÓN,-99.04726991009692,19.3165224467459
1125088,2021,VIOLACION,VIOLACIÓN,-99.1735336303964,19.4486744342433
